,International students by country of citizenship and sub-sector 2013-2022,,,,,,,,,,,,,,,,,,,,,,,,,,,,,,,,,,,,,,,,,,,,,,,,,,,,,,,,,,,,,,
,,,,,,,,,,,,,,,,,,,,,,,,,,,,,,,,,,,,,,,,,,,,,,,,,,,,,,,,,,,,,,,
,,,,,,,,,,,,,,,,,,,,,,,,,,,,,,,,,,,,,,,,,,,,,,,,,,,,,,,,,,,,,,,
,Country of citizenship ,Universities,,,,,,,,,,Te P?kenga,,,,,,,,,,W?nanga,,,,,,,,,,Public providers,,,,,,,,,,Private training establishments,,,,,,,,,,Total,,,,,,,,,,,
,,2013,2014,2015,2016,2017,2018,2019,2020,2021,2022,2013,2014,2015,2016,2017,2018,2019,2020,2021,2022,2013,2014,2015,2016,2017,2018,2019,2020,2021,2022,2013,2014,2015,2016,2017,2018,2019,2020,2021,2022,2013,2014,2015,2016,2017,2018,2019,2020,2021,2022,2013,2014,2015,2016,2017,2018,2019,2020,2021,2022,,
,"China, People's Republic of","8,670","9,965","10,795","11,815","12,895","14,135","15,625","14,550","14,710","14,445","4,660","5,310","5,710","5,665","5,790","5,235","4,610","2,665","2,225","1,900",0,0,0,0,0,0,0,5,5,0,"13,195","15,135","16,350","17,335","18,530","19,225","20,100","17,135","16,895","16,315","3,010","3,425","3,905","4,310","3,950","3,285","2,640","1,805","1,340","1,120","15,910","18,280","19,965","21,365","22,200","22,235","22,495","18,740","18,145","17,370",,
,India,"1,230","1,240","1,410","1,685","1,995","2,350","3,210","3,250","1,645","1,135","2,900","4,025","6,735","7,530","7,355","7,075","7,415","6,210","2,375","1,280",0,0,0,0,0,0,5,0,5,0,"4,130","5,265","8,140","9,210","9,335","9,415","10,615","9,450","4,020","2,410","3,655","6,075","8,275","7,110","4,560","3,615","3,030","2,810","2,410","1,440","7,750","11,265","16,335","16,250","13,815","12,965","13,630","12,210","6,410","3,840",,
,Viet Nam,990,920,845,845,910,980,"1,065","1,025","1,015","1,045",185,195,205,200,215,205,205,165,135,95,0,0,0,0,0,0,0,0,0,0,"1,170","1,110","1,050","1,040","1,125","1,190","1,270","1,190","1,150","1,145",250,245,285,340,445,515,430,300,195,170,"1,400","1,345","1,330","1,370","1,565","1,690","1,695","1,485","1,340","1,310",,
,Malaysia,"1,710","1,440","1,410","1,535","1,585","1,685","1,510","1,185",940,875,120,120,115,125,135,140,105,75,70,45,0,0,0,0,5,0,0,0,5,0,"1,830","1,560","1,525","1,655","1,720","1,825","1,620","1,260","1,010",920,55,65,85,115,100,115,95,70,40,40,"1,885","1,620","1,600","1,765","1,815","1,930","1,710","1,330","1,050",960,,
,"Korea, Republic of (South)",870,760,630,560,540,535,545,565,555,550,420,300,280,220,290,325,325,305,205,155,0,0,0,0,0,0,0,0,5,0,"1,290","1,060",910,780,830,855,865,865,760,700,790,875,785,790,755,625,570,390,205,135,"2,070","1,925","1,680","1,570","1,575","1,475","1,430","1,245",955,830,,
,Philippines,90,100,105,140,190,200,225,225,185,215,470,545,870,"1,085",950,840,840,515,370,305,0,0,5,0,0,0,0,0,5,0,560,645,980,"1,225","1,140","1,040","1,065",735,560,520,405,615,"1,030",865,760,725,520,300,155,255,965,"1,255","2,010","2,085","1,895","1,755","1,585","1,035",710,775,,
,United States of America,"2,235","2,180","2,415","2,515","2,735","2,685","2,650","1,775",625,655,60,55,95,90,65,80,60,60,60,40,10,5,5,10,20,20,20,15,20,10,"2,305","2,240","2,515","2,615","2,820","2,785","2,725","1,850",705,700,75,70,55,60,45,40,40,35,30,15,"2,385","2,310","2,575","2,675","2,860","2,825","2,765","1,885",735,720,,
,Indonesia,335,395,420,470,530,535,560,555,480,460,60,65,105,125,140,140,155,110,100,80,0,0,0,0,0,0,0,0,0,0,395,460,525,595,670,675,715,665,580,540,130,145,140,200,180,185,185,135,100,80,525,600,665,795,845,855,895,800,675,620,,
,Sri Lanka,180,195,190,210,255,300,395,435,395,350,190,180,235,340,435,480,470,405,220,150,0,0,0,0,0,0,0,0,5,0,375,375,420,545,690,780,860,840,615,500,310,300,345,300,250,180,135,95,115,90,675,670,770,845,945,950,990,935,725,590,,
,Japan,525,490,455,505,525,465,415,315,285,285,365,325,240,155,150,165,120,85,55,45,0,0,0,0,0,0,0,5,5,0,890,815,695,660,675,630,535,400,345,335,755,780,675,525,545,580,510,325,135,140,"1,635","1,585","1,370","1,180","1,220","1,205","1,045",720,480,470,,
,Thailand,320,335,315,310,315,320,330,325,330,305,100,170,100,100,70,70,95,65,45,45,0,0,0,0,0,0,0,0,0,0,415,505,415,410,380,390,425,390,375,350,280,255,220,185,205,265,165,90,60,55,690,735,635,580,585,655,585,480,430,410,,
,Iran,325,370,390,415,415,450,430,410,365,340,20,20,15,15,15,25,20,15,20,25,0,0,0,0,0,0,0,0,0,0,340,385,405,430,430,475,450,420,380,365,10,5,5,5,5,5,5,5,5,5,350,395,410,430,435,480,450,420,385,365,,
,Singapore,395,380,385,345,390,400,415,390,340,325,20,20,30,30,25,25,25,15,15,15,0,0,0,0,0,0,0,0,5,0,415,400,415,380,415,425,440,405,360,335,15,20,20,25,35,35,55,50,10,15,430,420,435,405,450,460,495,450,370,350,,
,Fiji,110,105,110,130,150,155,180,175,145,130,245,225,220,185,200,155,155,140,145,100,0,0,0,0,5,5,5,5,5,5,350,335,330,315,355,315,335,315,290,235,260,285,245,160,115,155,170,150,110,85,605,615,575,470,470,465,500,455,400,325,,
,United Kingdom,485,430,460,470,465,465,465,435,265,220,210,185,175,180,135,130,115,105,100,70,0,0,0,0,0,0,0,5,55,0,690,615,635,650,600,595,580,535,415,285,95,175,320,295,320,380,355,205,30,20,790,790,960,950,920,980,935,740,445,300,,
,Taiwan,270,255,250,230,220,230,245,240,225,220,50,60,65,60,60,60,50,45,25,25,0,0,0,0,0,0,0,0,0,0,320,315,310,285,280,295,295,280,250,240,60,75,60,70,55,55,55,40,40,30,380,385,365,350,330,345,345,320,285,270,,
,Canada,330,315,285,305,330,345,345,340,165,205,40,40,30,30,25,30,30,25,15,10,0,0,0,0,0,0,0,0,5,0,375,355,315,335,355,375,370,365,185,215,100,85,80,85,80,50,65,70,60,40,470,440,395,420,435,425,435,435,245,255,,
,Nepal,60,75,85,105,100,110,115,105,80,55,115,225,315,325,370,470,555,485,210,70,0,0,0,0,0,0,0,0,5,0,175,295,400,430,470,580,665,595,290,130,85,200,245,200,160,250,315,320,240,105,260,495,645,630,625,825,980,910,530,230,,
,South Africa,55,20,30,45,55,80,100,140,125,95,50,50,65,80,105,120,130,160,165,95,0,0,0,0,0,0,0,0,10,0,105,70,90,125,160,200,230,295,295,190,75,85,60,40,50,40,55,65,70,30,175,155,150,170,205,240,280,360,365,220,,
,Pakistan,240,205,205,245,265,295,295,260,240,195,25,25,25,30,25,35,25,30,10,15,0,0,0,0,0,0,0,0,5,0,260,235,230,270,290,325,315,290,250,205,25,15,10,15,15,10,10,5,5,5,285,250,240,285,305,335,325,290,260,210,,
,Brazil,60,200,250,135,105,130,140,130,110,100,30,80,55,55,95,135,130,110,115,70,0,0,0,0,0,0,0,0,5,0,90,285,300,190,200,260,270,240,230,170,295,260,310,255,275,370,170,95,50,40,380,540,610,440,470,630,440,335,275,205,,
,Germany,505,420,400,405,390,360,315,235,155,140,115,175,165,165,140,150,135,65,40,30,0,0,0,0,0,0,5,5,5,0,625,600,560,570,525,510,455,300,200,165,50,70,45,30,20,20,20,20,10,5,670,670,605,600,550,530,475,320,210,175,,
,Cambodia,75,100,110,120,150,160,190,160,120,115,30,25,25,35,45,45,50,50,45,35,0,0,0,0,0,0,0,0,0,0,95,125,130,155,195,200,240,210,165,150,25,35,25,55,65,70,40,30,20,15,120,160,160,210,255,270,275,240,185,165,,
,Oman,115,110,105,120,130,160,195,220,240,155,5,5,5,10,5,0,0,0,5,5,0,0,0,0,0,0,0,0,0,0,115,110,110,125,130,160,195,220,240,155,10,5,5,30,35,45,35,5,0,0,125,115,110,160,160,210,230,225,240,155,,
,Tonga,90,95,100,95,95,85,85,90,65,55,515,340,320,345,330,210,65,45,35,45,0,0,0,0,0,0,0,0,0,0,605,440,415,440,425,295,150,135,100,100,65,65,70,80,50,45,60,60,40,40,675,505,485,520,475,340,210,195,145,135,,
,Bangladesh,60,75,100,130,140,145,155,140,120,90,25,45,85,90,65,55,40,30,25,20,0,0,0,0,0,0,0,0,0,0,90,120,190,220,205,200,190,175,145,105,35,60,125,145,80,35,20,15,20,15,120,175,315,365,285,235,210,190,165,120,,
,France,290,290,260,285,255,255,265,200,130,100,75,70,65,45,55,65,45,35,25,10,0,0,0,0,0,0,0,0,5,0,365,360,320,330,305,320,310,235,160,110,165,120,140,85,85,100,75,50,20,10,530,480,460,415,395,420,385,285,180,120,,
,Russia,200,180,150,145,125,140,130,125,85,65,95,95,130,105,120,175,160,125,55,30,0,0,0,0,0,0,0,0,0,0,290,280,275,250,245,310,285,245,140,100,95,110,120,120,155,160,80,55,35,25,385,385,395,370,395,465,365,300,175,120,,
,Colombia,40,40,50,50,70,70,85,95,70,65,10,15,20,25,30,35,35,35,40,20,0,0,0,0,0,0,0,0,5,0,45,60,70,75,100,105,120,130,110,85,80,100,105,115,170,205,75,55,45,30,130,155,175,190,270,310,200,185,155,115,,
,Samoa,100,100,95,90,100,100,105,105,75,85,40,35,25,25,40,25,25,10,10,15,0,0,0,0,0,0,0,0,0,0,140,135,125,120,140,120,130,115,85,105,10,20,15,15,15,5,5,5,5,5,150,160,135,135,155,125,135,115,85,105,,
,Papua New Guinea,160,135,120,130,135,150,150,140,85,75,40,55,65,55,50,25,20,25,15,20,0,0,0,0,0,0,0,0,0,0,200,190,185,185,185,175,170,165,100,95,35,35,40,25,20,25,25,15,10,10,235,225,225,210,205,200,195,180,105,105,,
,Chile,90,70,60,65,50,45,60,70,70,60,20,45,50,60,65,75,75,45,35,15,0,0,0,0,0,0,0,0,0,0,110,115,110,125,115,120,135,115,100,75,80,80,85,40,40,40,35,15,20,15,190,195,195,160,155,160,170,130,125,90,,
,Nigeria,50,70,100,125,140,140,140,125,105,85,10,10,10,15,10,10,5,5,5,5,0,0,0,0,0,0,0,0,0,0,60,85,110,135,150,145,145,130,115,85,5,5,5,5,5,5,5,5,5,5,60,85,115,140,155,150,150,130,115,90,,
,Saudi Arabia,820,750,695,555,410,365,365,265,115,75,480,510,400,300,215,110,45,20,10,5,0,0,0,0,0,0,0,0,0,0,"1,280","1,245","1,085",850,615,470,410,285,125,80,220,160,155,150,75,115,145,95,35,5,"1,490","1,390","1,210",995,675,585,555,380,160,85,,
,Mexico,45,60,65,65,80,85,75,75,65,70,25,30,15,20,15,15,10,10,15,10,0,0,0,0,0,0,0,0,0,0,70,90,80,85,95,100,85,85,75,80,15,20,25,20,20,20,15,15,15,5,85,110,105,105,115,120,100,100,90,85,,
,Kuwait,125,105,95,85,70,60,50,45,55,75,0,0,0,0,0,0,0,0,0,0,0,0,0,0,0,0,0,0,0,0,125,105,95,85,70,60,50,45,55,75,5,5,0,0,0,0,0,0,0,0,125,110,95,85,70,60,50,45,55,75,,
,Myanmar,50,55,70,65,90,115,135,135,75,65,15,5,10,5,5,5,5,5,5,5,0,0,0,0,0,0,0,0,0,0,60,60,75,70,95,120,140,140,80,70,10,10,5,5,5,10,10,5,5,5,65,70,85,80,100,125,150,145,85,75,,
,Italy,75,90,110,95,115,105,100,80,70,65,15,15,15,15,30,20,15,15,10,5,0,0,0,0,0,0,0,0,5,0,90,105,125,115,145,125,115,90,80,70,35,20,25,30,25,20,5,5,5,5,125,120,150,140,170,145,120,95,85,70,,
,Australia,55,60,50,65,60,60,45,55,70,55,5,5,15,10,5,20,15,5,5,5,0,0,0,0,5,5,0,0,45,5,60,65,65,75,65,80,60,60,125,65,5,5,5,0,5,5,5,5,5,5,60,70,65,75,65,80,65,60,125,70,,
,Solomon Islands,70,70,65,70,75,90,80,85,60,45,15,20,30,35,30,25,15,15,5,10,0,0,0,0,0,0,0,0,0,0,85,90,90,105,100,115,90,100,65,55,5,5,5,5,5,10,5,5,5,5,90,95,90,110,110,125,100,105,70,60,,
,Kiribati,35,40,45,40,40,50,45,35,35,35,15,15,15,20,20,10,10,5,5,10,0,0,0,0,0,0,0,0,0,0,50,55,60,60,60,60,50,45,40,45,5,5,5,5,5,0,5,0,0,5,50,55,65,60,60,60,55,45,40,45,,
,Ghana,25,35,50,65,65,50,50,55,50,45,5,5,5,5,5,5,5,5,5,0,0,0,0,0,0,0,0,0,0,0,30,40,55,70,70,55,50,55,50,45,0,0,0,5,5,5,5,5,0,0,30,40,55,75,75,55,55,60,50,45,,
,Egypt,15,20,20,25,35,50,55,55,45,40,0,5,5,5,5,5,5,5,5,5,0,0,0,0,0,0,0,0,0,0,15,20,25,30,40,55,60,60,45,40,5,5,5,5,5,5,5,5,5,5,20,25,25,35,45,60,65,60,50,40,,
,Netherlands,90,90,95,115,140,130,125,80,50,35,10,15,20,15,20,25,20,10,5,5,0,0,0,0,0,0,0,0,5,0,105,110,110,130,160,155,145,85,60,40,25,20,20,10,5,5,5,5,5,5,130,125,130,140,165,160,155,95,65,40,,
,Jordan,35,35,35,45,45,50,40,45,40,35,5,5,5,0,5,5,5,5,0,0,0,0,0,0,0,0,0,0,0,0,40,35,35,45,45,50,45,45,40,35,0,5,5,0,5,0,0,5,5,5,40,40,40,45,45,50,45,45,40,35,,
,Laos,50,65,70,70,85,80,90,80,40,30,40,30,20,15,20,15,10,5,5,5,0,0,0,0,0,0,0,0,0,0,75,95,90,85,105,95,100,85,45,35,0,5,5,5,5,5,5,5,5,5,75,95,95,85,105,100,105,90,45,35,,
,Kenya,45,40,35,30,35,35,35,40,30,25,30,45,70,95,100,70,40,20,10,5,0,0,0,0,0,0,0,0,0,0,75,85,105,130,135,105,75,55,40,30,5,5,5,5,5,5,5,5,5,5,75,90,110,135,140,110,80,60,45,35,,
,Sweden,70,55,65,85,90,90,90,55,25,20,35,15,15,15,15,15,15,5,5,5,0,0,0,0,0,0,0,0,0,0,110,70,80,100,105,105,105,60,25,20,25,25,25,25,20,20,20,5,5,10,135,95,105,125,125,130,125,65,30,35,,
,Argentina,20,10,10,15,20,25,25,25,15,15,10,20,10,20,15,20,20,25,20,10,0,0,0,0,0,0,0,0,0,0,30,30,25,30,30,45,45,50,35,25,40,35,35,25,15,20,25,15,10,5,70,60,60,55,45,65,70,70,45,30,,
,Maldives,40,35,35,30,25,30,35,35,30,30,5,5,5,5,5,5,5,0,0,0,0,0,0,0,0,0,0,0,0,0,40,40,40,35,35,35,35,35,30,30,5,5,5,5,5,5,5,0,0,0,45,40,45,40,35,35,35,35,30,30,,
,Zimbabwe,20,20,20,25,30,35,35,30,25,15,5,10,10,10,15,10,10,10,5,5,0,0,0,0,0,0,0,0,0,0,25,25,25,35,40,45,45,40,25,20,5,5,5,10,10,5,5,5,10,10,30,30,35,45,50,50,50,45,35,30,,
,Vanuatu,45,50,50,45,50,55,50,50,30,25,20,20,15,10,15,10,5,5,5,5,0,0,0,0,0,0,0,0,0,0,65,70,65,55,65,65,55,55,30,30,5,5,15,10,15,10,10,5,5,5,70,75,80,65,75,75,65,60,35,30,,
,Brunei Darussalam,80,85,90,80,70,70,50,45,35,30,5,5,5,5,5,0,0,0,5,0,0,0,0,0,0,0,0,0,0,0,80,90,95,85,75,70,50,45,35,30,0,5,0,5,10,15,15,15,5,0,80,90,95,90,80,90,65,60,35,30,,
,Peru,5,10,25,10,15,15,15,15,10,20,5,5,5,5,5,5,5,5,10,5,0,0,0,0,0,0,0,0,0,0,10,15,30,10,20,20,20,20,20,20,10,5,10,10,10,10,10,10,5,5,20,20,35,20,25,30,30,30,30,25,,
,Mauritius,15,20,20,15,25,30,35,30,25,20,5,10,20,25,25,30,30,15,10,5,0,0,0,0,0,0,0,0,0,0,20,30,35,40,50,60,60,45,35,25,5,5,5,10,10,5,10,10,5,5,20,30,40,55,60,65,70,50,40,25,,
,Turkey,20,20,25,25,15,20,20,20,20,20,5,5,5,5,5,5,5,5,5,5,0,0,0,0,0,0,0,0,0,0,25,25,30,30,25,25,25,25,25,25,15,15,10,5,5,5,0,5,0,0,40,40,40,35,25,25,25,25,25,25,,
,Spain,55,60,65,65,65,60,55,25,20,20,5,5,10,10,5,10,5,5,0,5,0,0,0,0,0,0,0,0,5,0,60,65,75,75,70,70,60,30,20,25,20,15,15,10,15,10,5,5,5,0,75,75,90,80,85,80,65,35,20,25,,
,Kazakhstan,35,25,25,25,15,10,15,15,10,10,5,5,10,10,20,20,15,15,10,10,0,0,0,0,0,0,0,0,0,0,40,30,35,35,30,35,30,30,20,15,15,15,10,15,20,15,15,15,10,10,55,45,45,50,50,50,45,45,30,25,,
,Switzerland,35,35,35,40,45,45,40,25,25,20,15,5,5,10,10,5,5,5,5,5,0,0,0,0,0,0,0,0,0,0,55,40,45,50,55,50,45,35,30,20,20,15,15,15,15,15,20,5,5,0,70,60,60,65,70,65,65,40,30,20,,
,Iraq,10,10,10,15,15,20,20,20,20,20,5,0,0,0,0,5,5,0,0,5,0,0,0,0,0,0,0,0,0,0,10,10,10,15,15,20,20,20,20,20,0,5,5,5,5,0,0,0,0,0,10,10,10,20,20,20,20,20,20,20,,
,Ireland,40,30,35,35,40,55,40,40,20,15,45,35,30,20,30,20,10,10,10,5,0,0,0,0,0,0,0,5,5,0,85,70,60,55,70,70,50,45,25,20,30,35,25,5,5,5,5,5,5,5,110,100,85,55,75,75,60,50,30,20,,
,Timor-Leste,60,55,60,55,55,60,55,45,25,20,10,5,10,10,10,5,5,5,0,0,0,0,0,0,0,0,0,0,0,0,65,60,70,65,65,70,55,50,25,20,5,0,5,5,5,0,5,0,0,0,65,60,70,65,70,70,60,50,25,20,,
,Tuvalu,15,30,30,30,35,25,25,20,20,15,10,5,5,5,15,15,10,10,5,5,0,0,0,0,0,0,0,0,0,0,25,30,35,40,50,40,35,30,25,15,0,0,0,0,5,5,5,0,0,5,25,30,35,40,50,40,35,30,25,15,,
,Belgium,15,15,20,15,5,15,20,15,15,15,5,5,5,5,5,5,5,5,5,5,0,0,0,0,0,0,0,0,5,0,15,20,25,20,10,20,20,20,15,15,5,5,5,5,5,5,5,0,0,0,20,20,25,20,10,20,20,20,15,15,,
,Norway,185,190,170,170,145,155,155,70,20,10,10,10,5,5,10,10,5,5,0,0,0,0,0,0,0,0,0,0,5,0,195,200,170,175,150,165,160,70,25,10,5,20,25,25,5,5,10,10,5,5,200,220,195,200,155,170,170,80,30,15,,
,Czechia,15,15,15,25,20,20,25,20,10,10,10,5,5,15,5,5,10,5,5,5,0,0,0,0,0,0,0,0,0,0,25,20,20,35,25,25,35,25,10,15,5,5,10,5,5,5,5,5,5,0,25,25,30,40,30,25,35,30,10,15,,
,Denmark,125,130,125,145,120,135,125,50,10,15,10,10,10,5,10,10,5,5,5,0,0,0,0,0,0,0,0,0,5,0,135,135,135,155,130,145,125,55,20,15,10,15,10,10,5,5,5,0,0,0,145,150,145,165,130,150,130,55,20,15,,
,Israel,5,10,10,15,20,20,15,15,10,10,5,5,5,5,5,5,5,5,5,5,0,0,0,0,0,0,0,0,5,0,10,15,15,20,25,25,20,20,15,15,5,5,5,5,5,5,5,5,5,0,15,20,15,20,30,25,25,25,15,15,,
,Ecuador,5,5,5,5,15,15,15,15,10,10,0,5,0,0,5,5,5,5,5,5,0,0,0,0,0,0,0,0,0,0,5,5,5,5,15,15,20,20,15,10,5,5,5,5,5,10,5,5,5,0,10,10,10,10,15,20,20,20,15,10,,
,Poland,20,20,20,25,30,30,25,15,15,10,5,5,5,5,5,5,0,5,5,5,0,0,0,0,0,0,0,0,5,0,25,20,25,25,35,35,25,20,20,10,0,5,5,5,5,5,5,5,5,5,25,25,30,25,35,40,25,20,20,10,,
,Portugal,20,20,20,20,15,15,15,10,10,10,5,5,5,5,5,5,5,5,5,5,0,0,0,0,0,0,0,0,0,0,25,25,20,25,20,20,20,10,10,10,0,5,5,5,5,5,5,10,0,0,25,30,25,25,20,25,25,20,10,10,,
,Tanzania,25,25,25,25,20,15,10,10,10,10,5,5,5,5,5,5,5,5,0,0,0,0,0,0,0,0,0,0,0,0,30,30,30,30,20,20,15,15,10,10,5,5,5,5,0,5,0,0,5,5,35,30,30,30,20,20,15,15,10,10,,
,Austria,40,35,40,45,45,40,35,20,10,5,20,20,15,10,10,10,5,10,5,5,0,0,0,0,0,0,0,0,0,0,60,55,55,55,55,50,40,30,15,10,5,5,5,5,5,0,5,5,5,5,60,60,60,60,55,50,45,30,15,10,,
,Finland,30,30,25,25,25,25,35,15,5,5,5,5,5,10,10,5,5,5,5,5,0,0,0,0,0,0,0,0,0,0,30,30,30,35,35,30,40,20,5,10,0,5,5,0,5,5,5,5,5,5,30,30,30,35,35,35,45,20,5,10,,
,Mongolia,20,10,15,10,10,10,10,10,10,5,5,0,0,0,5,5,5,5,5,5,0,0,0,0,0,0,0,0,0,0,25,10,15,10,10,10,10,15,10,10,0,5,0,0,5,5,10,5,5,5,25,10,15,10,10,15,20,15,10,10,,
,Ukraine,15,15,15,15,10,15,15,15,10,10,5,10,15,10,15,15,10,10,5,0,0,0,0,0,0,0,0,0,0,0,25,25,30,25,25,30,25,30,15,10,10,25,30,10,10,15,10,5,5,5,35,50,60,35,35,45,35,30,20,10,,
,Uruguay,5,5,5,5,10,10,10,10,5,5,5,5,5,5,5,5,5,5,5,5,0,0,0,0,0,0,0,0,0,0,5,5,5,10,10,10,15,10,10,10,15,20,15,5,5,5,5,5,5,5,20,25,20,10,10,15,15,15,10,10,,
,Cameroon,5,5,5,5,5,5,10,5,5,10,0,0,0,0,0,0,0,0,0,0,0,0,0,0,0,0,0,0,0,0,5,5,5,5,5,5,10,5,5,10,0,0,0,0,0,0,0,0,0,0,5,5,5,5,5,5,10,5,5,10,,
,Ethiopia,10,10,15,20,15,10,10,10,10,10,5,0,0,0,0,0,0,0,0,0,0,0,0,0,0,0,0,0,0,0,10,10,15,20,15,10,10,10,10,10,0,5,0,5,5,0,0,5,5,0,10,10,15,20,20,10,10,10,10,10,,
,Lebanon,10,5,10,10,10,10,5,5,5,5,5,5,5,5,5,5,5,5,5,0,0,0,0,0,0,0,0,0,0,0,10,10,10,10,10,10,5,10,5,5,5,5,5,5,5,5,5,0,0,5,15,10,10,10,15,10,10,10,5,10,,
,United Arab Emirates,25,20,15,15,15,15,10,5,5,5,5,5,5,5,5,5,5,0,0,0,0,0,0,0,0,0,0,0,0,0,25,20,15,15,15,15,15,5,5,5,5,5,5,5,5,5,5,5,5,5,30,20,15,15,20,15,15,10,5,5,,
,Namibia,5,5,5,5,5,5,5,5,5,5,10,5,5,5,5,5,5,0,5,5,0,0,0,0,0,0,0,0,0,0,10,5,5,5,5,5,5,5,5,5,0,0,0,0,0,0,0,5,5,5,10,5,5,5,5,5,5,5,5,5,,
,Uganda,5,5,5,5,5,5,10,10,10,5,0,0,5,5,5,5,5,5,0,5,0,0,0,0,0,0,0,0,0,0,5,5,5,5,5,10,10,10,10,5,0,0,0,0,0,0,0,0,0,0,5,5,5,5,5,10,10,10,10,5,,
,Jamaica,10,10,10,10,10,10,10,10,10,5,5,5,0,0,0,0,5,0,0,0,0,0,0,0,0,0,0,0,0,0,10,10,10,10,10,10,10,10,10,5,5,5,0,0,0,0,0,0,0,0,15,15,10,10,10,10,10,10,10,5,,
,North Macedonia,5,0,5,5,5,5,5,5,5,5,0,0,5,0,5,0,5,5,5,0,0,0,0,0,0,0,0,0,0,0,5,0,5,5,5,5,5,5,5,5,5,5,5,5,5,5,5,5,0,0,5,5,5,5,5,5,5,5,5,5,,
,Yemen,5,5,5,5,5,5,5,10,10,5,0,5,5,0,5,5,5,5,0,0,0,0,0,0,0,0,0,0,0,0,5,5,5,5,5,5,5,10,10,5,5,5,0,0,5,5,0,0,0,0,5,5,5,5,10,5,5,10,10,5,,
,Bhutan,5,5,5,10,10,15,10,10,5,5,5,5,5,5,5,5,5,5,5,0,0,0,0,0,0,0,0,0,0,0,5,5,10,10,10,15,15,15,5,5,5,5,10,10,5,5,5,10,0,5,10,10,15,20,10,15,15,20,5,5,,
,Gaza Strip/Palestine/West Bank,5,5,5,5,5,10,5,5,5,5,0,0,5,0,0,0,5,5,0,0,0,0,0,0,0,0,0,0,0,0,5,5,5,5,5,10,5,5,5,5,5,0,0,0,0,5,5,0,0,0,5,5,5,5,5,10,5,5,5,5,,
,Sudan,10,5,5,5,5,5,5,5,5,5,0,0,0,0,0,5,5,0,0,0,0,0,0,0,0,0,0,0,0,0,10,5,5,5,5,10,5,5,5,5,0,0,5,5,0,0,0,5,0,0,10,5,5,5,5,10,5,10,5,5,,
,Trinidad and Tobago,5,5,10,5,5,5,5,5,5,5,0,5,5,5,5,5,0,0,0,0,0,0,0,0,0,0,0,0,0,0,5,10,15,10,10,10,5,5,5,5,0,0,0,5,5,5,5,0,0,0,5,10,15,10,15,10,5,5,5,5,,
,Afghanistan,5,10,10,10,5,5,5,5,5,5,0,0,5,0,5,5,5,5,5,5,0,0,0,0,0,0,0,0,0,0,5,10,10,10,5,5,5,5,5,5,5,0,5,5,5,0,5,0,0,0,5,10,15,15,10,5,10,5,5,5,,
,Bolivia,0,0,5,5,5,5,5,5,5,5,5,5,5,5,5,0,5,5,5,5,0,0,0,0,0,0,0,0,0,0,5,5,5,5,5,5,5,5,5,5,5,5,0,0,0,0,5,5,0,5,5,5,5,5,5,5,5,5,5,5,,
,Costa Rica,5,5,5,5,5,10,5,5,5,5,0,0,5,0,0,0,5,5,5,0,0,0,0,0,0,0,0,0,0,0,5,5,5,5,5,10,10,5,5,5,0,0,5,5,0,0,0,0,0,0,5,5,5,5,5,10,10,5,5,5,,
,Algeria,0,5,5,5,5,10,5,5,5,5,5,5,5,0,0,0,0,0,0,0,0,0,0,0,0,0,0,0,0,0,5,5,5,5,5,10,5,5,5,5,0,5,0,0,0,0,0,0,0,0,5,5,5,5,5,10,5,5,5,5,,
,Greece,5,5,5,10,10,5,10,5,5,5,5,5,0,0,0,0,0,0,0,0,0,0,0,0,0,0,0,0,0,0,10,5,5,10,10,5,10,5,5,5,5,5,5,0,5,5,5,5,5,0,10,10,5,10,10,10,10,10,5,5,,
,Liberia,0,0,0,0,0,0,5,5,5,5,0,0,0,5,5,5,0,0,0,0,0,0,0,0,0,0,0,0,0,0,0,0,0,5,5,5,5,5,5,5,0,0,0,5,5,5,0,0,0,0,0,0,0,5,5,5,5,5,5,5,,
,Malawi,10,5,10,5,5,5,10,10,10,5,0,0,0,5,5,5,5,0,0,0,0,0,0,0,0,0,0,0,0,0,10,5,10,5,10,10,10,10,10,5,5,0,0,0,0,0,0,0,0,0,10,5,10,5,10,10,10,10,10,5,,
,Panama,0,0,0,0,5,0,5,5,5,5,0,0,0,0,0,0,0,5,5,5,0,0,0,0,0,0,0,0,0,0,0,0,0,0,5,0,5,5,5,5,0,0,5,5,0,0,0,0,5,5,0,0,5,5,5,0,5,5,5,5,,
,Paraguay,5,5,5,5,5,5,5,5,5,5,0,0,0,0,0,0,0,0,0,0,0,0,0,0,0,0,0,0,0,0,5,5,5,5,5,5,5,5,5,5,5,0,5,5,5,5,0,0,0,0,5,5,5,5,5,5,5,5,5,5,,
,Serbia,5,5,5,10,10,10,5,5,5,5,5,0,5,5,0,5,5,5,5,5,0,0,0,0,0,0,0,0,0,0,5,5,10,10,10,10,10,5,5,5,5,5,5,5,0,0,0,0,0,0,5,5,10,15,10,10,10,5,5,5,,
,Seychelles,5,5,5,5,5,5,5,5,5,5,0,0,0,5,5,0,0,0,0,0,0,0,0,0,0,0,0,0,0,0,5,5,5,5,5,5,5,5,5,5,0,0,0,5,5,5,0,0,0,0,5,5,5,5,5,5,5,5,5,5,,
,Belarus,5,5,5,5,5,5,5,5,5,5,5,5,5,5,5,5,5,5,5,5,0,0,0,0,0,0,0,0,0,0,5,5,5,10,10,10,10,5,5,5,0,5,5,0,5,5,5,5,0,0,5,5,10,10,10,10,10,5,5,5,,
,Georgia,5,0,0,5,5,5,5,5,5,5,5,0,0,0,5,5,0,0,0,0,0,0,0,0,0,0,0,0,0,0,5,0,0,5,5,5,5,5,5,5,0,0,0,0,0,0,0,0,0,0,5,0,0,5,5,5,5,5,5,5,,
,Guatemala,5,10,10,5,10,5,5,5,5,5,5,0,0,0,0,0,0,0,0,0,0,0,0,0,0,0,0,0,0,0,10,10,10,5,10,5,5,5,5,5,0,5,5,5,0,0,0,0,5,0,10,10,10,10,10,5,5,5,5,5,,
,Croatia,5,5,5,5,5,5,5,5,5,5,5,5,5,5,5,0,5,5,0,5,0,0,0,0,0,0,0,0,0,0,10,10,5,5,5,5,5,5,5,5,0,5,5,5,5,5,5,0,0,0,10,10,5,5,5,5,5,5,5,5,,
,Hungary,20,15,15,15,15,15,15,10,5,5,0,5,5,5,5,5,5,0,5,5,0,0,0,0,0,0,0,0,0,0,20,15,20,15,15,15,20,10,5,5,5,5,5,5,5,5,5,5,5,0,25,20,20,20,20,20,20,10,5,5,,
,Saint Lucia,5,5,5,5,5,10,10,10,5,5,0,0,0,0,0,0,0,0,0,0,0,0,0,0,0,0,0,0,0,0,5,5,5,5,5,10,10,10,5,5,0,0,0,0,0,0,0,0,0,0,5,5,5,5,5,10,10,10,5,5,,
,Lithuania,5,5,5,5,5,5,5,10,5,5,0,0,5,5,0,5,5,0,0,0,0,0,0,0,0,0,0,0,0,0,5,5,5,10,5,5,10,10,5,5,5,5,5,5,0,0,0,0,0,0,5,10,10,10,5,5,10,10,5,5,,
,Luxembourg,5,5,0,0,0,0,5,5,5,5,5,5,0,0,0,5,0,0,0,0,0,0,0,0,0,0,0,0,0,0,5,5,0,0,0,5,5,5,5,5,0,0,0,0,0,0,0,0,0,0,5,5,0,0,0,5,5,5,5,5,,
,Morocco,5,5,5,5,10,10,5,10,5,5,0,5,5,5,5,5,0,0,0,0,0,0,0,0,0,0,0,0,0,0,5,5,5,5,10,10,5,10,5,5,0,0,0,0,0,0,0,0,0,0,5,5,5,5,10,10,5,10,5,5,,
,Nauru,5,5,10,5,5,10,10,5,5,5,5,5,5,5,5,5,0,0,5,0,0,0,0,0,0,0,0,0,0,0,10,10,10,10,10,10,10,5,5,5,0,0,0,5,0,0,5,5,0,5,10,10,10,15,10,10,10,10,5,5,,
,Romania,5,5,5,5,5,5,5,5,5,5,5,5,5,0,5,5,5,5,5,5,0,0,0,0,0,0,0,0,0,0,5,5,5,5,5,5,5,5,5,5,5,5,5,5,0,5,0,0,5,5,10,10,10,5,5,5,5,5,5,5,,
,Rwanda,0,5,5,5,5,5,5,10,5,5,0,0,0,5,5,0,0,0,0,0,0,0,0,0,0,0,0,0,0,0,0,5,5,10,5,5,5,10,5,5,0,0,0,0,0,0,0,0,0,0,0,5,5,10,5,5,5,10,5,5,,
,Slovenia,5,5,5,5,5,5,5,5,5,5,0,0,0,0,5,5,5,5,5,0,0,0,0,0,0,0,0,0,0,0,5,5,5,5,5,5,5,5,5,5,0,5,5,5,5,5,0,0,5,0,5,5,5,5,10,10,5,5,5,5,,
,Syria,5,5,0,5,5,5,5,5,5,5,5,5,5,0,0,5,5,5,0,0,0,0,0,0,0,0,0,0,0,0,5,5,5,5,5,5,5,5,5,5,5,0,0,5,0,0,0,0,0,0,5,5,5,5,5,5,5,5,5,5,,
,Barbados,5,5,5,5,5,5,5,5,5,5,5,5,5,5,0,0,0,0,0,0,0,0,0,0,0,0,0,0,0,0,5,5,5,5,5,5,5,5,5,5,0,0,5,5,0,0,0,0,0,0,5,5,5,5,5,5,5,5,5,5,,
,Botswana,25,20,20,20,15,10,5,5,5,5,5,5,5,5,0,0,5,5,0,0,0,0,0,0,0,0,0,0,0,0,30,25,20,20,15,10,5,5,5,5,0,0,0,0,0,0,0,0,0,0,30,25,20,20,15,10,5,5,5,5,,
,Dominica,0,5,5,5,5,5,5,5,5,5,0,0,0,0,0,0,0,0,0,0,0,0,0,0,0,0,0,0,0,0,0,5,5,5,5,5,5,5,5,5,0,0,0,0,0,0,0,0,0,0,0,5,5,5,5,5,5,5,5,5,,
,Dominican Republic,5,5,5,5,5,5,5,5,5,5,5,0,5,0,0,0,0,0,0,0,0,0,0,0,0,0,0,0,5,0,5,5,5,5,5,5,5,5,5,5,0,0,0,0,0,0,0,5,5,0,5,5,5,5,5,5,5,5,5,5,,
,Estonia,0,0,0,0,5,5,5,5,5,5,0,0,5,5,5,0,0,5,5,0,0,0,0,0,0,0,0,0,0,0,0,0,5,5,5,5,5,5,5,5,5,0,0,0,5,5,5,0,0,0,5,0,5,5,5,5,5,5,5,5,,
,Guyana,5,5,5,5,5,5,5,5,5,5,0,5,5,0,0,5,5,5,5,0,0,0,0,0,0,0,0,0,0,0,5,5,5,5,5,5,5,5,5,5,0,0,0,0,0,0,0,0,0,0,5,5,5,5,5,5,5,5,5,5,,
,Iceland,5,5,5,5,5,5,5,5,5,5,5,5,5,5,5,5,0,0,0,0,0,0,0,0,0,0,0,0,0,0,5,5,5,10,10,10,5,5,5,5,5,5,5,0,5,10,10,5,5,5,5,5,5,10,10,20,15,10,5,5,,
,Libya,5,5,10,5,5,5,5,5,5,5,0,5,0,0,0,0,0,0,0,0,0,0,0,0,0,0,0,0,0,0,5,10,10,5,5,5,5,5,5,5,0,0,0,0,0,0,0,0,0,0,5,10,10,5,5,5,5,5,5,5,,
,El Salvador,0,0,0,5,0,5,5,5,0,0,0,0,0,0,0,0,0,0,0,5,0,0,0,0,0,0,0,0,0,0,0,0,0,5,0,5,5,5,0,5,5,0,0,0,0,0,5,0,0,5,5,0,0,5,0,5,5,5,0,5,,
,Eswatini,0,0,0,5,5,5,5,5,5,5,0,0,0,0,0,0,0,5,0,0,0,0,0,0,0,0,0,0,0,0,0,0,0,5,5,5,5,5,5,5,0,0,0,5,0,0,0,5,0,0,0,0,0,5,5,5,5,5,5,5,,
,Uzbekistan,5,5,5,5,5,5,10,10,5,5,5,5,5,5,5,5,5,5,5,0,0,0,0,0,0,0,0,0,0,0,5,5,5,10,10,10,10,10,5,5,10,10,5,5,5,5,5,5,0,5,15,15,10,10,15,10,15,10,5,5,,
,Albania,5,5,5,5,0,0,0,0,0,0,0,0,0,0,0,0,0,0,0,5,0,0,0,0,0,0,0,0,0,0,5,5,5,5,0,0,0,0,0,5,5,0,5,5,5,5,0,0,0,0,5,5,5,5,5,5,0,0,0,5,,
,Antigua and Barbuda,0,0,0,0,5,5,0,0,0,0,0,0,0,0,5,5,5,5,5,5,0,0,0,0,0,0,0,0,0,0,0,0,0,0,5,5,5,5,5,5,0,0,0,0,0,0,0,0,0,0,0,0,0,0,5,5,5,5,5,5,,
,Benin,0,5,5,0,5,0,5,5,5,5,0,0,0,0,0,0,0,0,0,0,0,0,0,0,0,0,0,0,0,0,0,5,5,0,5,0,5,5,5,5,0,0,0,0,0,0,0,0,0,0,0,5,5,0,5,0,5,5,5,5,,
,Burkina Faso,5,0,0,5,5,5,5,5,5,5,0,0,0,0,0,0,0,0,0,0,0,0,0,0,0,0,0,0,0,0,5,0,0,5,5,5,5,5,5,5,0,0,0,0,0,0,0,0,0,0,5,0,0,5,5,5,5,5,5,5,,
,Bulgaria,5,10,5,5,5,5,5,5,0,0,5,5,0,5,5,0,5,0,5,5,0,0,0,0,0,0,0,0,0,0,10,10,5,10,10,5,5,5,5,5,5,5,0,5,5,0,0,0,0,0,10,10,5,10,10,5,5,5,5,5,,
,Bahrain,30,5,5,5,5,5,5,0,5,5,5,5,0,0,0,0,0,0,0,0,0,0,0,0,0,0,0,0,0,0,30,5,5,5,5,5,5,0,5,5,5,0,5,5,5,5,5,0,0,0,35,5,5,5,10,5,5,0,5,5,,
,Bahamas,0,5,5,5,5,5,5,5,5,5,0,5,0,0,0,0,0,0,0,0,0,0,0,0,0,0,0,0,0,0,0,5,5,5,5,5,5,5,5,5,0,0,0,0,0,0,0,0,0,0,0,5,5,5,5,5,5,5,5,5,,
,Cabo Verde,0,0,0,0,0,0,0,0,0,5,0,0,0,0,0,0,0,0,0,0,0,0,0,0,0,0,0,0,0,0,0,0,0,0,0,0,0,0,0,5,0,0,0,0,0,0,0,0,0,0,0,0,0,0,0,0,0,0,0,5,,
,Cuba,5,5,5,5,5,5,5,5,5,5,0,0,0,0,0,0,0,0,0,0,0,0,0,0,0,0,0,0,0,0,5,5,5,5,5,5,5,5,5,5,5,5,0,0,0,0,0,0,0,0,5,5,5,5,5,5,5,5,5,5,,
,"Micronesia, Federated states of",5,5,5,5,5,5,5,5,5,0,5,0,0,0,0,0,0,0,5,5,0,0,0,0,0,0,0,0,0,0,5,5,5,5,5,5,5,5,5,5,0,0,0,0,0,0,0,0,0,0,5,5,5,5,5,5,5,5,5,5,,
,Guinea,5,5,5,5,5,0,5,0,0,5,0,0,0,0,0,0,0,0,0,0,0,0,0,0,0,0,0,0,0,0,5,5,5,5,5,0,5,0,0,5,0,0,0,0,0,0,0,0,0,0,5,5,5,5,5,0,5,0,0,5,,
,Grenada,5,5,5,0,5,5,5,5,5,5,0,0,0,0,0,0,0,0,0,0,0,0,0,0,0,0,0,0,0,0,5,5,5,0,5,5,5,5,5,5,5,0,0,0,0,0,0,0,0,0,5,5,5,0,5,5,5,5,5,5,,
,Honduras,5,0,0,5,5,5,5,5,0,5,0,0,0,0,0,0,0,0,0,0,0,0,0,0,0,0,0,0,0,0,5,0,0,5,5,5,5,5,0,5,0,0,0,0,0,0,0,0,0,0,5,0,0,5,5,5,5,5,0,5,,
,Kyrgyzstan,5,5,0,0,5,5,5,5,0,0,0,0,0,5,5,0,5,0,0,0,0,0,0,0,0,0,0,0,0,0,5,5,0,5,5,5,5,5,0,0,5,5,0,5,5,0,0,0,0,5,5,5,0,5,5,5,5,5,0,5,,
,Saint Kitts and Nevis,0,0,0,0,0,0,0,5,5,5,0,0,0,0,5,5,0,0,0,0,0,0,0,0,0,0,0,0,0,0,0,0,0,0,5,5,0,5,5,5,0,0,0,0,0,0,0,0,0,0,0,0,0,0,5,5,0,5,5,5,,
,Latvia,5,5,5,5,5,5,5,5,5,0,5,5,5,5,5,0,5,0,0,0,0,0,0,0,0,0,0,0,0,0,5,5,5,5,5,5,5,5,5,0,5,5,0,0,5,5,5,5,0,5,5,5,5,5,5,5,5,5,5,5,,
,Moldova,0,0,0,0,0,0,5,0,0,0,0,0,0,0,0,0,0,0,0,0,0,0,0,0,0,0,0,0,0,0,0,0,0,0,0,0,5,0,0,0,0,0,0,0,0,5,0,0,5,5,0,0,0,0,0,5,5,0,5,5,,
,Marshall Islands,5,5,5,5,5,5,5,5,5,5,5,5,0,0,0,0,0,0,0,0,0,0,0,0,0,0,0,0,0,0,5,5,5,5,5,5,5,5,5,5,0,0,0,0,0,0,0,0,0,0,5,5,5,5,5,5,5,5,5,5,,
,Malta,0,0,0,0,0,0,0,0,0,5,0,0,0,0,0,0,0,0,0,0,0,0,0,0,0,0,0,0,0,0,0,0,0,0,0,0,0,0,0,5,0,0,0,5,5,5,5,5,0,0,0,0,0,5,5,5,5,5,0,5,,
,Nicaragua,0,0,0,0,0,0,5,5,5,5,0,0,0,0,0,0,0,0,0,0,0,0,0,0,0,0,0,0,0,0,0,0,0,0,0,0,5,5,5,5,0,0,5,0,0,0,5,0,0,0,0,0,5,0,0,0,5,5,5,5,,
,Palau,0,0,5,5,5,5,5,5,5,5,5,5,0,0,0,0,0,0,0,0,0,0,0,0,0,0,0,0,0,0,5,5,5,5,5,5,5,5,5,5,0,0,0,0,0,0,0,0,0,0,5,5,5,5,5,5,5,5,5,5,,
,Tajikistan,0,0,0,5,5,0,0,5,5,5,0,0,0,0,0,0,0,0,0,0,0,0,0,0,0,0,0,0,0,0,0,0,0,5,5,0,0,5,5,5,5,5,0,0,0,0,0,0,0,0,5,5,0,5,5,0,0,5,5,5,,
,Tunisia,5,5,5,5,5,5,5,5,5,5,0,0,0,0,0,0,0,0,0,0,0,0,0,0,0,0,0,0,0,0,5,5,5,5,5,5,5,5,5,5,0,0,0,5,0,0,0,0,0,0,5,5,5,5,5,5,5,5,5,5,,
,Venezuela,10,10,5,10,5,5,5,5,5,5,5,5,5,5,5,5,0,0,0,0,0,0,0,0,0,0,0,0,0,0,15,10,10,10,5,5,5,5,5,5,10,5,5,5,5,5,5,5,0,0,25,15,10,15,15,10,5,5,5,5,,
,Zambia,15,15,10,10,10,10,10,5,5,5,5,5,5,10,5,5,5,5,0,0,0,0,0,0,0,0,0,0,0,0,20,15,15,20,15,15,10,10,5,5,5,5,5,5,5,5,0,0,0,0,20,15,15,20,20,15,10,10,5,5,,
,Angola,0,5,0,5,5,5,5,5,0,0,0,0,0,0,0,0,0,0,0,0,0,0,0,0,0,0,0,0,0,0,0,5,0,5,5,5,5,5,0,0,0,0,0,0,0,0,0,0,0,0,0,5,0,5,5,5,5,5,0,0,,
,Andorra,0,0,0,0,0,0,5,0,0,0,0,0,0,0,0,0,0,0,0,0,0,0,0,0,0,0,0,0,0,0,0,0,0,0,0,0,5,0,0,0,0,0,0,0,0,0,0,0,5,0,0,0,0,0,0,0,5,0,5,0,,
,Armenia,0,0,5,5,5,5,5,5,0,0,0,5,5,0,0,0,0,0,0,0,0,0,0,0,0,0,0,0,0,0,0,5,5,5,5,5,5,5,0,0,0,5,5,0,0,5,5,5,0,0,0,5,5,5,5,5,5,5,0,0,,
,Azerbaijan,5,5,5,5,5,5,5,5,0,0,0,5,0,0,0,0,0,0,0,0,0,0,0,0,0,0,0,0,0,0,5,5,5,5,5,5,5,5,0,0,0,0,0,0,0,5,5,0,0,0,5,5,5,5,5,5,5,5,0,0,,
,Burundi,0,5,5,5,5,5,0,5,0,0,0,0,0,0,0,0,0,0,0,0,0,0,0,0,0,0,0,0,0,0,0,5,5,5,5,5,0,5,0,0,0,0,0,0,0,0,0,0,0,0,0,5,5,5,5,5,0,5,0,0,,
,Bosnia and Herzegovina,0,5,5,5,0,5,0,0,0,0,0,0,0,0,0,0,0,0,0,0,0,0,0,0,0,0,0,0,0,0,0,5,5,5,0,5,0,0,0,0,5,0,0,0,0,0,0,0,0,0,5,5,5,5,0,5,0,0,0,0,,
,Belize,5,0,0,0,5,5,5,0,0,0,5,5,5,5,5,5,0,0,0,0,0,0,0,0,0,0,0,0,0,0,5,5,5,5,5,5,5,0,0,0,0,0,0,0,0,0,0,0,0,0,5,5,5,5,5,5,5,0,0,0,,
,Central African Republic,0,0,0,5,0,0,0,0,0,0,5,5,0,5,5,0,0,0,0,0,0,0,0,0,0,0,0,0,0,0,5,5,0,5,5,0,0,0,0,0,5,0,0,0,0,0,0,0,0,0,5,5,0,5,5,0,0,0,0,0,,
,Cote d'Ivoire,0,5,5,5,0,0,0,0,0,0,0,0,0,0,0,0,0,0,0,0,0,0,0,0,0,0,0,0,0,0,0,5,5,5,0,0,0,0,0,0,0,0,0,0,0,0,0,0,0,0,0,5,5,5,0,0,0,0,0,0,,
,"Congo, The Democratic Republic of the",0,0,5,5,5,5,5,5,0,0,0,0,0,0,0,0,0,0,0,0,0,0,0,0,0,0,0,0,0,0,0,0,5,5,5,5,5,5,0,0,0,5,5,5,0,0,0,0,0,0,0,5,5,5,5,5,5,5,0,0,,
,Congo,5,0,5,0,5,0,0,5,0,0,0,0,0,0,0,0,0,0,0,0,0,0,0,0,0,0,0,0,0,0,5,0,5,0,5,0,0,5,0,0,5,5,5,5,5,0,0,0,0,0,5,5,5,5,5,0,0,5,0,0,,
,Comoros,5,0,5,0,5,5,5,0,0,0,0,0,0,0,0,0,0,0,0,0,0,0,0,0,0,0,0,0,0,0,5,0,5,0,5,5,5,0,0,0,0,0,0,0,0,0,0,0,0,0,5,0,5,0,5,5,5,0,0,0,,
,Cyprus,5,5,5,5,5,5,5,5,5,0,0,0,0,0,5,5,0,0,0,0,0,0,0,0,0,0,0,0,0,0,5,5,5,5,5,5,5,5,5,0,0,0,0,0,5,5,0,0,0,0,5,5,5,5,5,5,5,5,5,0,,
,Djibouti,5,5,5,5,5,5,5,5,0,0,0,0,0,0,0,0,0,0,0,0,0,0,0,0,0,0,0,0,0,0,5,5,5,5,5,5,5,5,0,0,0,0,0,0,0,0,0,0,0,0,5,5,5,5,5,5,5,5,0,0,,
,Eritrea,0,0,0,0,0,0,5,5,5,0,0,0,0,0,0,0,0,0,0,0,0,0,0,0,0,0,0,0,0,0,0,0,0,0,0,0,5,5,5,0,0,0,0,0,0,0,0,0,0,0,0,0,0,0,0,0,5,5,5,0,,
,Gabon,0,5,5,5,0,0,5,0,0,0,0,0,0,0,0,0,0,0,0,0,0,0,0,0,0,0,0,0,0,0,0,5,5,5,0,0,5,0,0,0,0,0,0,0,0,0,0,0,0,0,0,5,5,5,0,0,5,0,0,0,,
,Gambia,0,0,0,5,5,0,0,0,0,0,5,0,0,0,0,0,0,0,0,0,0,0,0,0,0,0,0,0,0,0,5,0,0,5,5,0,0,0,0,0,0,0,0,0,0,0,0,0,0,0,5,0,0,5,5,0,0,0,0,0,,
,Haiti,5,0,0,0,5,0,0,0,0,0,5,5,0,0,0,0,0,0,0,0,0,0,0,0,0,0,0,0,0,0,5,5,0,0,5,0,0,0,0,0,0,0,0,0,0,0,0,0,0,0,5,5,0,0,5,0,0,0,0,0,,
,Liechtenstein,5,5,0,0,0,0,0,0,0,0,0,0,0,0,0,0,0,0,0,0,0,0,0,0,0,0,0,0,0,0,5,5,0,0,0,0,0,0,0,0,0,0,0,0,0,0,0,0,0,0,5,5,0,0,0,0,0,0,0,0,,
,Lesotho,0,0,5,5,5,5,5,5,0,0,5,5,5,5,0,0,0,0,0,0,0,0,0,0,0,0,0,0,0,0,5,5,5,5,5,5,5,5,0,0,0,0,0,0,0,0,0,0,0,0,5,5,5,5,5,5,5,5,0,0,,
,Monaco,0,5,0,0,0,0,0,0,0,0,0,0,0,0,0,0,0,0,0,0,0,0,0,0,0,0,0,0,0,0,0,5,0,0,0,0,0,0,0,0,0,0,0,0,0,0,0,0,0,0,0,5,0,0,0,0,0,0,0,0,,
,Madagascar,0,5,5,5,5,5,5,5,0,0,0,0,0,0,0,0,0,0,0,0,0,0,0,0,0,0,0,0,0,0,0,5,5,5,5,5,5,5,0,0,0,0,0,0,0,0,0,0,0,0,0,5,5,5,5,5,5,5,0,0,,
,Mali,5,5,0,5,5,5,5,5,0,0,0,0,0,0,0,0,0,0,0,0,0,0,0,0,0,0,0,0,0,0,5,5,0,5,5,5,5,5,0,0,0,0,0,0,0,0,0,0,0,0,5,5,0,5,5,5,5,5,0,0,,
,Mozambique,5,5,5,5,5,5,5,5,0,0,0,0,5,5,5,5,0,0,0,0,0,0,0,0,0,0,0,0,0,0,5,5,5,5,5,5,5,5,0,0,0,0,0,0,0,0,0,0,0,0,5,5,5,5,5,5,5,5,0,0,,
,Mauritania,0,0,5,0,5,5,0,0,0,0,0,0,5,5,0,0,0,0,0,0,0,0,0,0,0,0,0,0,0,0,0,0,5,5,5,5,0,0,0,0,0,0,0,0,0,0,0,0,0,0,0,0,5,5,5,5,0,0,0,0,,
,Niger,5,5,5,5,5,0,0,0,0,0,0,0,0,0,0,0,0,0,0,0,0,0,0,0,0,0,0,0,0,0,5,5,5,5,5,0,0,0,0,0,0,5,5,0,0,0,0,0,0,0,5,5,5,5,5,0,0,0,0,0,,
,New Zealand,0,0,0,0,0,0,0,0,0,0,0,0,0,0,0,0,0,0,0,0,0,0,0,0,0,0,0,0,0,0,0,0,0,0,0,0,0,0,0,0,105,190,165,40,10,10,5,10,10,0,105,190,165,40,10,10,5,10,10,0,,
,Qatar,15,15,15,15,5,5,5,5,5,0,0,5,0,0,0,0,0,0,0,0,0,0,0,0,0,0,0,0,0,0,15,20,15,15,5,5,5,5,5,0,5,0,0,0,5,5,5,0,0,0,15,20,15,15,5,5,5,5,5,0,,
,Senegal,0,5,5,5,5,5,5,5,5,0,5,0,0,0,0,0,0,0,0,0,0,0,0,0,0,0,0,0,0,0,5,5,5,5,5,5,5,5,5,0,0,0,0,0,0,0,0,0,0,0,5,5,5,5,5,5,5,5,5,0,,
,Sierra Leone,5,5,0,5,5,5,5,5,0,0,5,0,0,0,0,0,0,0,0,0,0,0,0,0,0,0,0,0,0,0,5,5,0,5,5,5,5,5,0,0,0,5,5,0,0,0,0,0,0,0,5,5,5,5,5,5,5,5,0,0,,
,San Marino,0,0,0,0,0,0,5,5,5,0,0,0,0,0,0,0,0,0,0,0,0,0,0,0,0,0,0,0,0,0,0,0,0,0,0,0,5,5,5,0,0,0,0,0,0,0,0,0,0,0,0,0,0,0,0,0,5,5,5,0,,
,Somalia,0,0,0,0,0,0,0,5,5,0,0,0,0,0,0,0,0,0,0,0,0,0,0,0,0,0,0,0,0,0,0,0,0,0,0,0,0,5,5,0,0,0,0,0,0,0,0,0,0,0,0,0,0,0,0,0,0,5,5,0,,
,Sao Tome and Principe,0,5,5,5,5,5,5,0,0,0,0,0,0,0,0,0,0,0,0,0,0,0,0,0,0,0,0,0,0,0,0,5,5,5,5,5,5,0,0,0,0,0,0,0,0,0,0,0,0,0,0,5,5,5,5,5,5,0,0,0,,
,Suriname,0,0,0,0,5,5,5,5,0,0,5,5,5,0,0,0,0,0,0,0,0,0,0,0,0,0,0,0,0,0,5,5,5,0,5,5,5,5,0,0,0,0,0,0,0,0,0,0,0,0,5,5,5,0,5,5,5,5,0,0,,
,Slovakia,5,5,5,10,10,15,15,5,5,0,5,10,5,5,5,0,0,0,0,0,0,0,0,0,0,0,0,0,0,0,5,10,10,10,10,15,15,5,5,0,5,5,5,5,5,5,5,5,0,0,10,15,10,15,15,15,15,5,5,0,,
,Chad,0,5,5,5,5,0,5,5,0,0,0,0,0,0,0,0,0,0,0,0,0,0,0,0,0,0,0,0,0,0,0,5,5,5,5,0,5,5,0,0,0,0,0,0,0,0,0,0,0,0,0,5,5,5,5,0,5,5,0,0,,
,Togo,5,0,5,5,5,5,5,0,0,0,0,0,0,0,0,0,0,0,0,0,0,0,0,0,0,0,0,0,0,0,5,0,5,5,5,5,5,0,0,0,0,0,0,0,0,0,0,0,0,0,5,0,5,5,5,5,5,0,0,0,,
,Turkmenistan,0,0,0,5,5,5,5,5,0,0,0,0,0,0,0,0,0,0,0,0,0,0,0,0,0,0,0,0,0,0,0,0,0,5,5,5,5,5,0,0,0,0,0,0,0,5,5,0,0,0,0,0,0,5,5,5,5,5,0,0,,
,UN Refugee,0,0,0,0,0,0,0,0,0,0,0,0,0,0,0,5,0,0,0,0,0,0,0,0,0,0,0,0,0,0,0,0,0,0,0,5,0,0,0,0,0,0,0,0,0,0,0,0,0,0,0,0,0,0,0,5,0,0,0,0,,
,St Vincents and the Grenadines,5,5,5,0,5,5,5,5,5,0,5,5,0,0,5,5,0,0,0,0,0,0,0,0,0,0,0,0,0,0,5,5,5,0,5,5,5,5,5,0,0,0,0,0,0,0,0,0,0,0,5,5,5,0,5,5,5,5,5,0,,
,Total,"24,230","24,965","26,030","27,690","29,605","31,550","33,915","30,775","26,075","24,600","12,330","14,180","17,580","18,450","18,400","17,435","16,725","12,585","7,240","5,055",10,5,10,10,25,25,25,25,200,15,"36,350","38,970","43,410","45,965","47,840","48,820","50,490","43,260","33,425","29,615","12,135","15,545","18,720","17,255","14,030","12,710","10,515","8,010","5,805","4,185","48,065","54,040","61,680","62,805","61,450","61,110","60,705","50,965","39,075","33,705",,
,,,,,,,,,,,,,,,,,,,,,,,,,,,,,,,,,,,,,,,,,,,,,,,,,,,,,,,,,,,,,,,
,Notes:,,,,,,,,,,,,,,,,,,,,,,,,,,,,,,,,,,,,,,,,,,,,,,,,,,,,,,,,,,,,,,
1,Data relates to students enrolled at any time during the year with a tertiary education provider in formal qualifications of greater than 0.03 EFTS (more than one week's full-time duration).,,,,,,,,,,,,,,,,,,,,,,,,,,,,,,,,,,,,,,,,,,,,,,,,,,,,,,,,,,,,,,
2,Data excludes all non-formal learning and on-job industry training.,,,,,,,,,,,,,,,,,,,,,,,,,,,,,,,,,,,,,,,,,,,,,,,,,,,,,,,,,,,,,,
3,"Data includes those private training establishments that received Student Achievement Component funding, and/or had students with student loans or allowances, and/or Youth Guarantee programmes.",,,,,,,,,,,,,,,,,,,,,,,,,,,,,,,,,,,,,,,,,,,,,,,,,,,,,,,,,,,,,,
4,"Students are counted in each sub-sector they enrol in, so the sum of the various sub-sectors may not add to the total.",,,,,,,,,,,,,,,,,,,,,,,,,,,,,,,,,,,,,,,,,,,,,,,,,,,,,,,,,,,,,,
5,International students are those studying here without New Zealand/Australian citizenship or permanent residence status. Students studying off-shore at tertiary education providers that are registered in New Zealand are considered international students unless they hold New Zealand citizenship.,,,,,,,,,,,,,,,,,,,,,,,,,,,,,,,,,,,,,,,,,,,,,,,,,,,,,,,,,,,,,,
6,"Telford Rural Polytechnic was merged with Lincoln University in 2011 and was then taken over by Taratahi Agricultural Training Centre in 2017. In 2019, Telford's programmes were taken over by the Southern Institute of Technology.",,,,,,,,,,,,,,,,,,,,,,,,,,,,,,,,,,,,,,,,,,,,,,,,,,,,,,,,,,,,,,
7,Counts of students whose country of citizenship is unknown are included in the totals.,,,,,,,,,,,,,,,,,,,,,,,,,,,,,,,,,,,,,,,,,,,,,,,,,,,,,,,,,,,,,,
8,"Public providers includes universities, Te P?kenga, and w?nanga.",,,,,,,,,,,,,,,,,,,,,,,,,,,,,,,,,,,,,,,,,,,,,,,,,,,,,,,,,,,,,,
9,Te P?kenga - The New Zealand Institute of Skills and Technology (NZIST) was established in 2020 as part of reforms of vocational education. It brings together the existing 16 Institutes of Technology and Polytechnics (ITPs) into one organisation. The subsector label Te P?kenga takes the place of Institutes of technology and polytechnics used in previously published tables.,,,,,,,,,,,,,,,,,,,,,,,,,,,,,,,,,,,,,,,,,,,,,,,,,,,,,,,,,,,,,,
10,"Data in this table has been revised, and may differ from previously published figures.",,,,,,,,,,,,,,,,,,,,,,,,,,,,,,,,,,,,,,,,,,,,,,,,,,,,,,,,,,,,,,
11,"Data in this table, including totals, have been rounded to the nearest 5 to protect the privacy of individuals, so the sum of individual counts may not add to the total.",,,,,,,,,,,,,,,,,,,,,,,,,,,,,,,,,,,,,,,,,,,,,,,,,,,,,,,,,,,,,,
